{"cameraMode":{"drawMode":0,"name":"Shaded","section":"Shading Mode"},"sceneLighting":false,"audioPlay":false,"sceneViewState":{"m_AlwaysRefresh":false,"showFog":true,"showSkybox":true,"showFlares":true,"showImageEffects":true,"showParticleSystems":true,"showVisualEffectGraphs":true,"m_FxEnabled":false},"in2DMode":false,"pivot":{"x":3.2581117153167726,"y":-6.422074794769287,"z":0.9325078129768372},"rotation":{"x":0.39042848348617556,"y":0.6091932654380798,"z":-0.47431090474128725,"w":0.5016102194786072},"size":11.098433494567871,"orthographic":false}